{
  "best_metric": null,
  "best_model_checkpoint": null,
  "epoch": 2.43605359317905,
  "global_step": 2000,
  "is_hyper_param_search": false,
  "is_local_process_zero": true,
  "is_world_process_zero": true,
  "log_history": [
    {
      "epoch": 0.61,
      "learning_rate": 3.984977669508729e-05,
      "loss": 0.1574,
      "step": 500
    },
    {
      "epoch": 1.22,
      "learning_rate": 2.9699553390174584e-05,
      "loss": 0.0577,
      "step": 1000
    },
    {
      "epoch": 1.83,
      "learning_rate": 1.9549330085261877e-05,
      "loss": 0.0211,
      "step": 1500
    },
    {
      "epoch": 2.44,
      "learning_rate": 9.399106780349168e-06,
      "loss": 0.0167,
      "step": 2000
    }
  ],
  "max_steps": 2463,
  "num_train_epochs": 3,
  "total_flos": 1051786443801600.0,
  "trial_name": null,
  "trial_params": null
}
